-0.41771,0.28483,-1.28791,-0.27260,-0.14422,0.41367,-0.12001,0.14021,-0.98284,-0.66661,-1.45900,0.44105
-0.41527,-0.48772,-0.59338,-0.27260,-0.74026,0.19427,0.36717,0.55716,-0.86788,-0.98733,-0.30309,0.44105
-0.41527,-0.48772,-0.59338,-0.27260,-0.74026,1.28271,-0.26581,0.55716,-0.86788,-0.98733,-0.30309,0.39643
-0.41468,-0.48772,-1.30688,-0.27260,-0.83528,1.01630,-0.80989,1.07774,-0.75292,-1.10612,0.11303,0.41616
-0.41041,-0.48772,-1.30688,-0.27260,-0.83528,1.22858,-0.51118,1.07774,-0.75292,-1.10612,0.11303,0.44105
-0.41497,-0.48772,-1.30688,-0.27260,-0.83528,0.20710,-0.35116,1.07774,-0.75292,-1.10612,0.11303,0.41057
-0.40817,0.04877,-0.47665,-0.27260,-0.26515,-0.38841,-0.07023,0.83924,-0.52300,-0.57752,-1.50524,0.42680
-0.40162,0.04877,-0.47665,-0.27260,-0.26515,-0.16047,0.97881,1.02464,-0.52300,-0.57752,-1.50524,0.44105
-0.39385,0.04877,-0.47665,-0.27260,-0.26515,-0.93121,1.11749,1.08720,-0.52300,-0.57752,-1.50524,0.32845
-0.39865,0.04877,-0.47665,-0.27260,-0.26515,-0.39981,0.61609,1.32963,-0.52300,-0.57752,-1.50524,0.32933
-0.39226,0.04877,-0.47665,-0.27260,-0.26515,0.13159,0.91480,1.21298,-0.52300,-0.57752,-1.50524,0.39303
-0.40477,0.04877,-0.47665,-0.27260,-0.26515,-0.39268,0.50941,1.15593,-0.52300,-0.57752,-1.50524,0.44105
-0.40753,0.04877,-0.47665,-0.27260,-0.26515,-0.56364,-1.05170,0.78714,-0.52300,-0.57752,-1.50524,0.37088
-0.34512,-0.48772,-0.43726,-0.27260,-0.14422,-0.47816,-0.24092,0.43375,-0.63796,-0.60128,1.17647,0.44105
-0.34417,-0.48772,-0.43726,-0.27260,-0.14422,-0.26874,0.56631,0.31700,-0.63796,-0.60128,1.17647,0.25597
-0.34540,-0.48772,-0.43726,-0.27260,-0.14422,-0.64200,-0.42939,0.33445,-0.63796,-0.60128,1.17647,0.42702
-0.29573,-0.48772,-0.43726,-0.27260,-0.14422,-0.49811,-1.39664,0.33445,-0.63796,-0.60128,1.17647,0.33086
-0.32714,-0.48772,-0.43726,-0.27260,-0.14422,-0.41975,0.46674,0.22003,-0.63796,-0.60128,1.17647,0.32976
-0.32498,-0.48772,-0.43726,-0.27260,-0.14422,-1.18052,-1.13705,0.00069,-0.63796,-0.60128,1.17647,-0.74211
-0.33394,-0.48772,-0.43726,-0.27260,-0.14422,-0.79444,0.03290,0.00069,-0.63796,-0.60128,1.17647,0.37581
-0.27269,-0.48772,-0.43726,-0.27260,-0.14422,-1.01811,1.04993,0.00136,-0.63796,-0.60128,1.17647,0.21815
-0.31924,-0.48772,-0.43726,-0.27260,-0.14422,-0.45537,0.73344,0.10328,-0.63796,-0.60128,1.17647,0.39314
-0.27494,-0.48772,-0.43726,-0.27260,-0.14422,-0.20321,0.82234,0.08645,-0.63796,-0.60128,1.17647,0.44105
-0.30336,-0.48772,-0.43726,-0.27260,-0.14422,-0.67192,1.11749,0.14269,-0.63796,-0.60128,1.17647,0.41518
-0.33109,-0.48772,-0.43726,-0.27260,-0.14422,-0.51378,0.90769,0.28739,-0.63796,-0.60128,1.17647,0.41287
-0.32058,-0.48772,-0.43726,-0.27260,-0.14422,-0.97679,0.60898,0.31353,-0.63796,-0.60128,1.17647,-0.58390
-0.34021,-0.48772,-0.43726,-0.27260,-0.14422,-0.67192,0.77256,0.42163,-0.63796,-0.60128,1.17647,0.22155
-0.30716,-0.48772,-0.43726,-0.27260,-0.14422,-0.33855,0.71922,0.31296,-0.63796,-0.60128,1.17647,-0.55144
-0.32844,-0.48772,-0.43726,-0.27260,-0.14422,0.29970,0.91836,0.31358,-0.63796,-0.60128,1.17647,0.34281
-0.30173,-0.48772,-0.43726,-0.27260,-0.14422,0.55471,0.66588,0.21104,-0.63796,-0.60128,1.17647,0.25828
-0.28678,-0.48772,-0.43726,-0.27260,-0.14422,-0.81438,0.90769,0.20819,-0.63796,-0.60128,1.17647,0.03833
-0.26071,-0.48772,-0.43726,-0.27260,-0.14422,-0.30293,1.11749,0.18062,-0.63796,-0.60128,1.17647,0.21990
-0.25683,-0.48772,-0.43726,-0.27260,-0.14422,-0.47674,0.47740,0.09268,-0.63796,-0.60128,1.17647,-1.36039
-0.28435,-0.48772,-0.43726,-0.27260,-0.14422,-0.83148,0.93969,-0.00373,-0.63796,-0.60128,1.17647,0.02298
-0.23066,-0.48772,-0.43726,-0.27260,-0.14422,-0.26874,1.00726,-0.01675,-0.63796,-0.60128,1.17647,-1.18814
-0.41098,-0.48772,-0.75534,-0.27260,-0.48111,-0.50096,-0.01333,-0.20666,-0.52300,-0.76758,0.34421,0.44105
-0.40710,-0.48772,-0.75534,-0.27260,-0.48111,-0.63203,-0.25514,-0.19830,-0.52300,-0.76758,0.34421,0.22900
-0.40912,-0.48772,-0.75534,-0.27260,-0.48111,-0.61921,-0.96280,0.06615,-0.52300,-0.76758,0.34421,0.44105
-0.39807,-0.48772,-0.75534,-0.27260,-0.48111,-0.45395,-1.36463,0.02484,-0.52300,-0.76758,0.34421,0.40301
-0.41523,2.73125,-1.19453,-0.27260,-1.09443,0.44217,-1.66334,0.76347,-0.75292,-0.92794,-0.07191,0.42713
-0.41454,2.73125,-1.19453,-0.27260,-1.09443,1.05334,-1.87671,0.76347,-0.75292,-0.92794,-0.07191,0.42702
-0.40361,-0.48772,-0.61673,-0.27260,-0.92167,0.69148,-2.33544,0.91549,-0.75292,-1.04078,-0.25686,0.31507
-0.40197,-0.48772,-0.61673,-0.27260,-0.92167,-0.16474,-2.20386,0.91549,-0.75292,-1.04078,-0.25686,0.29270
-0.39989,-0.48772,-0.61673,-0.27260,-0.92167,-0.10490,-2.20742,0.91549,-0.75292,-1.04078,-0.25686,0.41430
-0.40416,-0.48772,-0.61673,-0.27260,-0.92167,-0.30721,-1.01614,0.91549,-0.75292,-1.04078,-0.25686,0.35871
-0.39849,-0.48772,-0.61673,-0.27260,-0.92167,-0.85855,-1.23662,0.62053,-0.75292,-1.04078,-0.25686,0.44105
-0.39652,-0.48772,-0.61673,-0.27260,-0.92167,-0.71038,-1.25440,0.62053,-0.75292,-1.04078,-0.25686,0.44105
-0.39175,-0.48772,-0.61673,-0.27260,-0.92167,-0.36277,0.60187,0.90052,-0.75292,-1.04078,-0.25686,0.39544
-0.38889,-0.48772,-0.61673,-0.27260,-0.92167,-1.26173,0.95036,0.98637,-0.75292,-1.04078,-0.25686,0.44105
-0.39286,-0.48772,-0.61673,-0.27260,-0.92167,-0.97252,-0.23381,1.08986,-0.75292,-1.04078,-0.25686,0.44105
-0.40812,0.41359,-0.80203,-0.27260,-0.99941,-0.45822,-0.81344,1.43545,-0.63796,-0.98139,-0.76546,0.42636
-0.41340,0.41359,-0.80203,-0.27260,-0.99941,-0.24167,-0.19825,1.43545,-0.63796,-0.98139,-0.76546,0.40893
-0.41221,0.41359,-0.80203,-0.27260,-0.99941,0.32249,-1.68823,1.43545,-0.63796,-0.98139,-0.76546,0.44105
-0.41265,0.41359,-0.80203,-0.27260,-0.99941,-0.40836,-1.67757,1.43545,-0.63796,-0.98139,-0.76546,0.44105
-0.41687,2.73125,-1.04132,-0.27260,-1.24992,-0.56507,-0.74588,1.67551,-0.75292,0.36089,1.22270,0.44105
-0.41692,3.37504,-1.44695,-0.27260,-1.31039,1.37389,-1.65979,2.33005,-0.52300,-1.08236,-0.25686,0.43042
-0.41606,3.16044,-1.51699,-0.27260,-1.24992,0.14014,-1.16905,2.56346,-0.86788,-0.56564,-0.53428,0.44105
-0.41678,3.80423,-1.43236,-0.27260,-1.24129,0.75701,-0.99836,2.15331,-0.52300,-0.90418,-1.55147,0.39719
-0.40047,0.58527,-0.87645,-0.27260,-0.87848,-0.19893,-1.40019,1.91087,-0.17812,-0.73788,0.57539,0.37285
-0.40642,0.58527,-0.87645,-0.27260,-0.87848,-0.50951,-0.76010,1.49121,-0.17812,-0.73788,0.57539,0.44105
-0.40106,0.58527,-0.87645,-0.27260,-0.87848,-0.77449,-0.08445,1.63069,-0.17812,-0.73788,0.57539,0.42143
-0.39846,0.58527,-0.87645,-0.27260,-0.87848,-0.45395,0.88279,1.43726,-0.17812,-0.73788,0.57539,0.23470
-0.40561,0.58527,-0.87645,-0.27260,-0.87848,0.24414,-0.02756,1.63073,-0.17812,-0.73788,0.57539,0.44105
-0.40372,0.58527,-0.87645,-0.27260,-0.87848,0.68008,-0.89523,1.98983,-0.17812,-0.73788,0.57539,0.42658
-0.41618,0.26337,-1.42361,-0.27260,-1.19723,1.16732,-0.32271,2.58024,-0.75292,-1.14175,0.06680,0.40092
-0.41428,2.94584,-1.13325,-0.27260,-1.35358,0.00764,-1.80558,1.33886,-0.63796,-0.42310,-1.08911,0.44105
-0.41335,2.94584,-1.13325,-0.27260,-1.35358,-0.70896,-1.33263,1.33886,-0.63796,-0.42310,-1.08911,0.44105
-0.41171,0.04877,-0.73929,-0.27260,-1.25856,-0.57932,-1.67757,1.28490,-0.63796,-0.37558,0.20550,0.43349
-0.40267,0.04877,-0.73929,-0.27260,-1.25856,-0.98392,-1.12993,1.28490,-0.63796,-0.37558,0.20550,0.44105
-0.40353,0.04877,-0.73929,-0.27260,-1.25856,-0.56934,-1.26506,1.28490,-0.63796,-0.37558,0.20550,0.44105
-0.40817,-0.48772,-0.04768,-0.27260,-1.22401,0.18858,-2.20386,0.70937,-0.63796,-0.61315,0.34421,0.29665
-0.39996,-0.48772,-0.04768,-0.27260,-1.22401,-0.46107,-1.81625,0.70937,-0.63796,-0.61315,0.34421,0.22220
-0.40778,-0.48772,-0.04768,-0.27260,-1.22401,-0.31290,-2.16119,0.70937,-0.63796,-0.61315,0.34421,0.37538
-0.39570,-0.48772,-0.04768,-0.27260,-1.22401,-0.05647,-2.21809,0.70937,-0.63796,-0.61315,0.34421,0.22473
-0.40926,-0.48772,0.24706,-0.27260,-1.01669,-0.01658,-2.22520,0.21699,-0.52300,-0.06080,0.11303,0.41934
-0.40737,-0.48772,0.24706,-0.27260,-1.01669,0.00195,-0.83834,0.33635,-0.52300,-0.06080,0.11303,0.29117
-0.40663,-0.48772,0.24706,-0.27260,-1.01669,-0.00803,0.21070,0.12224,-0.52300,-0.06080,0.11303,0.18624
-0.40831,-0.48772,0.24706,-0.27260,-1.01669,-0.20605,-0.80989,0.14045,-0.52300,-0.06080,0.11303,0.33207
-0.41188,-0.48772,0.24706,-0.27260,-1.01669,-0.07499,-0.52896,0.57950,-0.52300,-0.06080,0.11303,0.32593
-0.40868,-0.48772,0.24706,-0.27260,-1.01669,-0.58501,-1.13705,0.33635,-0.52300,-0.06080,0.11303,0.43184
-0.41366,0.58527,-0.91584,-0.27260,-1.11171,0.63022,-1.24728,0.76328,-0.63796,-0.75570,0.25174,0.44105
-0.41325,0.58527,-0.91584,-0.27260,-1.11171,0.47636,0.06490,0.76328,-0.63796,-0.75570,0.25174,0.42713
-0.41419,0.58527,-0.91584,-0.27260,-1.11171,0.02474,-1.29351,0.76328,-0.63796,-0.75570,0.25174,0.44105
-0.41431,0.58527,-0.91584,-0.27260,-1.11171,-0.16759,-0.77788,0.76328,-0.63796,-0.75570,0.25174,0.37242
-0.41256,-0.48772,-0.96983,-0.27260,-0.91303,0.14869,-0.73166,0.46793,-0.75292,-0.95763,0.02056,0.44105
-0.41177,-0.48772,-0.96983,-0.27260,-0.91303,0.49203,-0.44361,0.30550,-0.75292,-0.95763,0.02056,0.39062
-0.41241,-0.48772,-0.96983,-0.27260,-0.91303,-0.38414,-0.83478,0.30051,-0.75292,-0.95763,0.02056,0.43107
-0.41012,-0.48772,-0.96983,-0.27260,-0.91303,-0.23312,-0.41872,-0.02255,-0.75292,-0.95763,0.02056,0.42186
-0.41186,-0.48772,-1.12741,-0.27260,-0.56750,1.02912,0.63031,-0.17748,-0.86788,-0.82103,-0.30309,0.44105
-0.41228,-0.48772,-1.12741,-0.27260,-0.56750,1.13170,-0.19469,-0.18090,-0.86788,-0.82103,-0.30309,0.43184
-0.41300,-0.48772,-1.12741,-0.27260,-0.56750,0.18858,-0.08801,-0.33406,-0.86788,-0.82103,-0.30309,0.38930
-0.41387,-0.48772,-1.12741,-0.27260,-0.56750,0.17148,0.18936,-0.33416,-0.86788,-0.82103,-0.30309,0.40432
-0.41356,0.71403,0.56952,-0.27260,-0.78345,0.22419,-0.53252,-0.06139,-0.63796,-0.82103,-0.11815,0.42033
-0.41510,0.71403,0.56952,-0.27260,-0.78345,-0.10490,-1.41086,-0.06139,-0.63796,-0.82103,-0.11815,0.43480
-0.41345,0.71403,0.56952,-0.27260,-0.78345,-0.05077,0.31027,-0.08559,-0.63796,-0.82103,-0.11815,0.44105
-0.40424,-0.48772,-1.20328,-0.27260,-0.94758,0.48490,-0.38316,-0.14254,-0.86788,-0.78539,-0.21062,0.01432
-0.40505,-0.48772,-1.20328,-0.27260,-0.94758,-0.17329,0.03645,-0.14254,-0.86788,-0.78539,-0.21062,0.38546
-0.40438,-0.48772,-1.20328,-0.27260,-0.94758,2.54211,0.26404,-0.14254,-0.86788,-0.78539,-0.21062,0.44105
-0.40892,-0.48772,-1.20328,-0.27260,-0.94758,2.18737,-1.12638,-0.14254,-0.86788,-0.78539,-0.21062,0.40410
-0.41046,-0.48772,-1.20328,-0.27260,-0.94758,1.61181,-0.21603,-0.14254,-0.86788,-0.78539,-0.21062,0.44105
-0.40114,-0.48772,-0.37598,-0.27260,-0.29971,0.63022,0.40273,-0.48357,-0.52300,-0.14395,1.13023,0.41759
-0.40514,-0.48772,-0.37598,-0.27260,-0.29971,0.70715,0.09691,-0.44634,-0.52300,-0.14395,1.13023,0.42658
-0.39181,-0.48772,-0.37598,-0.27260,-0.29971,0.17148,0.59831,-0.51356,-0.52300,-0.14395,1.13023,-3.13443
-0.39381,-0.48772,-0.37598,-0.27260,-0.29971,-0.21033,0.66943,-0.51356,-0.52300,-0.14395,1.13023,0.41441
-0.40219,-0.48772,-0.37598,-0.27260,-0.29971,-0.16759,0.76189,-0.65318,-0.52300,-0.14395,1.13023,0.39489
-0.40301,-0.48772,-0.37598,-0.27260,-0.29971,-0.61778,1.00014,-0.80249,-0.52300,-0.14395,1.13023,0.40980
-0.39852,-0.48772,-0.37598,-0.27260,-0.29971,-0.63915,0.82945,-0.75301,-0.52300,-0.14395,1.13023,0.42757
-0.40318,-0.48772,-0.37598,-0.27260,-0.29971,-0.22458,0.59120,-0.79512,-0.52300,-0.14395,1.13023,0.34007
-0.40354,-0.48772,-0.37598,-0.27260,-0.29971,0.26978,1.01437,-0.64752,-0.52300,-0.14395,1.13023,0.42285
-0.38775,-0.48772,-0.37598,-0.27260,-0.29971,-0.07926,0.80456,-0.59418,-0.52300,-0.14395,1.13023,0.37888
-0.40588,-0.48772,-0.37598,-0.27260,-0.29971,-0.12770,-0.50407,-0.48357,-0.52300,-0.14395,1.13023,0.40366
-0.40671,-0.48772,-0.16441,-0.27260,-0.06647,0.61312,0.46318,-0.53125,-0.40804,0.14113,-0.30309,0.42669
-0.40409,-0.48772,-0.16441,-0.27260,-0.06647,-0.52945,0.86501,-0.68531,-0.40804,0.14113,-0.30309,0.41967
-0.39259,-0.48772,-0.16441,-0.27260,-0.06647,-0.27444,0.95392,-0.59281,-0.40804,0.14113,-0.30309,0.44105
-0.40188,-0.48772,-0.16441,-0.27260,-0.06647,-0.04364,0.55564,-0.73138,-0.40804,0.14113,-0.30309,0.35158
-0.39850,-0.48772,-0.16441,-0.27260,-0.06647,-0.50808,0.69788,-0.63316,-0.40804,0.14113,-0.30309,-0.12899
-0.40313,-0.48772,-0.16441,-0.27260,-0.06647,-0.15477,0.13958,-0.50624,-0.40804,0.14113,-0.30309,0.40158
-0.40087,-0.48772,-0.16441,-0.27260,-0.06647,-0.37559,0.49874,-0.49802,-0.40804,0.14113,-0.30309,0.41485
-0.40324,-0.48772,-0.16441,-0.27260,-0.06647,-0.58786,0.16092,-0.62632,-0.40804,0.14113,-0.30309,-0.19784
-0.40159,-0.48772,-0.16441,-0.27260,-0.06647,-0.78874,-0.12001,-0.49241,-0.40804,0.14113,-0.30309,0.38184
-0.41042,-0.48772,2.11761,-0.27260,0.22723,-0.59071,0.04001,-0.73081,-0.86788,-1.30805,0.29798,0.35608
-0.41011,-0.48772,2.11761,-0.27260,0.22723,-0.39981,0.55208,-0.75947,-0.86788,-1.30805,0.29798,0.23021
-0.40762,-0.48772,2.11761,-0.27260,0.22723,-0.46107,0.86501,-0.81200,-0.86788,-1.30805,0.29798,0.23481
-0.40094,-0.48772,2.11761,-0.27260,0.22723,-0.61066,1.01081,-0.87974,-0.86788,-1.30805,0.29798,0.14951
-0.40698,-0.48772,2.11761,-0.27260,0.22723,-0.57789,0.96814,-0.85031,-0.86788,-1.30805,0.29798,0.24896
-0.39877,-0.48772,2.11761,-0.27260,0.22723,-0.42545,0.70499,-0.85668,-0.86788,-1.30805,0.29798,0.31080
-0.37335,-0.48772,2.11761,-0.27260,0.22723,-0.95685,0.96103,-0.96873,-0.86788,-1.30805,0.29798,0.02868
-0.38827,-0.48772,1.56900,-0.27260,0.59868,-0.84288,0.97525,-0.95394,-0.63796,0.17083,1.26894,0.38853
-0.38056,-0.48772,1.56900,-0.27260,0.59868,0.20852,1.07482,-0.94244,-0.63796,0.17083,1.26894,0.44105
-0.31584,-0.48772,1.56900,-0.27260,0.59868,-0.92266,0.92902,-0.86286,-0.63796,0.17083,1.26894,0.44105
-0.37885,-0.48772,1.56900,-0.27260,0.59868,0.24699,1.07838,-0.79698,-0.63796,0.17083,1.26894,0.42066
-0.27955,-0.48772,1.56900,-0.27260,0.59868,0.05893,1.03571,-0.72448,-0.63796,0.17083,1.26894,0.44105
-0.34975,-0.48772,1.56900,-0.27260,0.59868,0.12447,1.04282,-0.69767,-0.63796,0.17083,1.26894,0.31891
-0.38005,-0.48772,1.56900,-0.27260,0.59868,-0.65910,0.95392,-0.62993,-0.63796,0.17083,1.26894,0.35103
-0.30479,-0.48772,1.56900,-0.27260,0.59868,-0.75170,1.06060,-0.68883,-0.63796,0.17083,1.26894,-1.02971
-0.35350,-0.48772,1.56900,-0.27260,0.59868,0.07175,1.05349,-0.80068,-0.63796,0.17083,1.26894,0.41660
-0.38088,-0.48772,1.56900,-0.27260,0.59868,-0.48814,0.88635,-0.86904,-0.63796,0.17083,1.26894,0.23657
-0.37742,-0.48772,1.56900,-0.27260,0.59868,0.24129,1.06060,-0.92471,-0.63796,0.17083,1.26894,0.41013
-0.38936,-0.48772,1.56900,-0.27260,0.59868,-0.60923,1.05349,-1.01085,-0.63796,0.17083,1.26894,0.38777
-0.35505,-0.48772,1.56900,-0.27260,0.59868,-0.19038,1.04282,-1.01080,-0.63796,0.17083,1.26894,0.44105
-0.38458,-0.48772,1.56900,-0.27260,0.59868,-0.15762,0.88991,-1.03780,-0.63796,0.17083,1.26894,0.34435
-0.22881,-0.48772,1.56900,-0.27260,0.59868,-1.80310,1.11749,-1.11980,-0.63796,0.17083,1.26894,0.44105
-0.03175,-0.48772,1.23194,3.66840,2.73235,-1.25603,1.11749,-1.17580,-0.52300,-0.03110,-1.73642,0.44105
0.05864,-0.48772,1.23194,-0.27260,2.73235,-1.16343,1.11749,-1.13292,-0.52300,-0.03110,-1.73642,0.44105
-0.09478,-0.48772,1.23194,-0.27260,2.73235,-1.96836,1.03926,-1.16425,-0.52300,-0.03110,-1.73642,0.44105
-0.14140,-0.48772,1.23194,-0.27260,2.73235,-0.22030,1.11749,-1.12945,-0.52300,-0.03110,-1.73642,-2.01485
-0.16752,-0.48772,1.23194,-0.27260,2.73235,-0.93548,1.11749,-1.08310,-0.52300,-0.03110,-1.73642,-2.05476
-0.14265,-0.48772,1.23194,-0.27260,2.73235,-1.93559,0.96458,-1.10963,-0.52300,-0.03110,-1.73642,0.38415
-0.14703,-0.48772,1.23194,-0.27260,2.73235,-1.56518,0.89702,-1.07692,-0.52300,-0.03110,-1.73642,0.00346
-0.10011,-0.48772,1.23194,-0.27260,2.73235,-0.97964,0.93614,-1.07878,-0.52300,-0.03110,-1.73642,-0.05289
-0.22556,-0.48772,1.23194,-0.27260,2.73235,-0.23170,1.02148,-1.03490,-0.52300,-0.03110,-1.73642,0.17681
-0.24422,-0.48772,1.23194,-0.27260,2.73235,-1.25460,1.11749,-1.04745,-0.52300,-0.03110,-1.73642,-0.16528
-0.28727,-0.48772,1.23194,3.66840,2.73235,-1.81307,0.69077,-1.03861,-0.52300,-0.03110,-1.73642,-0.14686
-0.16820,-0.48772,1.23194,-0.27260,2.73235,-0.82008,1.06415,-1.03243,-0.52300,-0.03110,-1.73642,-1.03859
-0.25382,-0.48772,1.23194,3.66840,2.73235,-0.22173,0.97525,-0.97244,-0.52300,-0.03110,-1.73642,-0.39092
-0.00684,-0.48772,1.23194,3.66840,2.73235,-0.18896,0.49874,-0.97429,-0.52300,-0.03110,-1.73642,-2.94573
-0.13356,-0.48772,1.23194,-0.27260,2.73235,-1.44266,0.90413,-0.97862,-0.52300,-0.03110,-1.73642,-2.93893
-0.27598,-0.48772,1.23194,-0.27260,0.43455,0.93795,1.02504,-0.91164,-0.52300,-0.03110,-1.73642,0.07407
-0.26209,-0.48772,1.23194,-0.27260,0.43455,-0.31148,1.11749,-0.96868,-0.52300,-0.03110,-1.73642,-0.03053
-0.25252,-0.48772,1.23194,-0.27260,2.73235,0.32107,1.11749,-0.96459,-0.52300,-0.03110,-1.73642,0.08372
-0.27017,-0.48772,1.23194,3.66840,0.43455,-0.04934,0.85435,-0.94914,-0.52300,-0.03110,-1.73642,-0.19466
-0.24806,-0.48772,1.23194,-0.27260,0.43455,1.71581,0.79034,-0.86714,-0.52300,-0.03110,-1.73642,0.19468
-0.20493,-0.48772,1.23194,3.66840,0.43455,2.16173,1.05349,-0.83396,-0.52300,-0.03110,-1.73642,0.36112
-0.24158,-0.48772,1.23194,3.66840,0.43455,2.97806,0.90057,-0.77630,-0.52300,-0.03110,-1.73642,0.34840
-0.15735,-0.48772,1.23194,-0.27260,0.43455,-0.61351,0.82590,-0.65270,-0.52300,-0.03110,-1.73642,0.42143
-0.07799,-0.48772,1.23194,-0.27260,0.43455,-0.26162,0.86857,-0.71859,-0.52300,-0.03110,-1.73642,-1.27750
-0.18439,-0.48772,1.23194,-0.27260,0.43455,2.34266,0.98236,-0.83149,-0.52300,-0.03110,-1.73642,0.13844
-0.20883,-0.48772,1.23194,-0.27260,0.43455,-0.58074,0.37783,-0.65085,-0.52300,-0.03110,-1.73642,-1.41510
-0.15060,-0.48772,1.23194,-0.27260,0.43455,0.04896,0.97881,-0.80577,-0.52300,-0.03110,-1.73642,-0.65330
-0.13323,-0.48772,1.23194,-0.27260,0.43455,0.16721,0.94680,-0.72852,-0.52300,-0.03110,-1.73642,-0.29203
-0.27786,-0.48772,1.23194,-0.27260,0.43455,-0.58359,0.92547,-0.65085,-0.52300,-0.03110,-1.73642,-0.70593
-0.14902,-0.48772,1.23194,-0.27260,0.43455,-0.57647,1.02148,-0.66853,-0.52300,-0.03110,-1.73642,-0.09368
-0.40225,-0.48772,-1.03403,-0.27260,-0.38609,-1.01526,0.70855,-0.56994,-0.52300,-0.66661,-0.85793,0.44105
-0.40776,-0.48772,-1.03403,-0.27260,-0.38609,0.18715,0.55208,-0.54608,-0.52300,-0.66661,-0.85793,0.42570
-0.40861,-0.48772,-1.03403,-0.27260,-0.38609,-0.60638,0.00445,-0.51965,-0.52300,-0.66661,-0.85793,0.40081
-0.41069,-0.48772,-1.03403,-0.27260,-0.38609,0.37236,-1.26151,-0.31505,-0.52300,-0.66661,-0.85793,0.37592
-0.41027,-0.48772,-1.03403,-0.27260,-0.38609,-0.37701,-0.76010,-0.11416,-0.52300,-0.66661,-0.85793,0.40081
-0.41213,-0.48772,-1.03403,-0.27260,-0.38609,0.04326,0.17158,-0.22701,-0.52300,-0.66661,-0.85793,0.42680
-0.41072,-0.48772,-1.03403,-0.27260,-0.38609,0.81970,0.20714,-0.41820,-0.52300,-0.66661,-0.85793,0.37932
-0.41172,-0.48772,-1.26602,-0.27260,-0.57613,0.99066,-0.36183,-0.45923,-0.75292,-1.27835,-0.30309,0.44105
-0.41078,-0.48772,-1.26602,-0.27260,-0.57613,2.10902,0.52363,-0.50106,-0.75292,-1.27835,-0.30309,0.42636
-0.41043,-0.48772,-1.26602,-0.27260,-0.57613,-0.20036,-0.22670,-0.56908,-0.75292,-1.27835,-0.30309,0.44105
-0.40785,-0.48772,-1.26602,-0.27260,-0.57613,1.23997,0.84012,-0.52026,-0.75292,-1.27835,-0.30309,0.41057
-0.40680,-0.48772,-1.26602,-0.27260,-0.57613,0.39658,0.96103,-0.45067,-0.75292,-1.27835,-0.30309,0.44105
-0.40878,-0.48772,-1.26602,-0.27260,-0.57613,-0.96967,0.75478,-0.38369,-0.75292,-1.27835,-0.30309,0.37636
-0.41141,-0.48772,-1.26602,-0.27260,-0.57613,-0.18753,0.00800,-0.24498,-0.75292,-1.27835,-0.30309,0.33371
-0.41193,-0.48772,-1.26602,-0.27260,-0.57613,2.20304,-0.53252,-0.28325,-0.75292,-1.27835,-0.30309,0.39423
-0.40928,1.44366,-1.12303,-0.27260,-1.01669,0.70858,-0.97702,-0.00306,-0.52300,-0.06080,-1.50524,0.40783
-0.40380,1.44366,-1.12303,-0.27260,-1.01669,0.38660,-1.40375,0.36682,-0.52300,-0.06080,-1.50524,0.28689
-0.40870,1.44366,-1.12303,-0.27260,-1.01669,1.28271,-1.05526,0.36682,-0.52300,-0.06080,-1.50524,0.44105
-0.40789,1.44366,-1.12303,-0.27260,-1.01669,0.94934,-1.67401,1.27625,-0.52300,-0.06080,-1.50524,0.23032
-0.41040,1.44366,-1.12303,-0.27260,-1.01669,0.64732,-1.34330,1.27625,-0.52300,-0.06080,-1.50524,0.36222
-0.40836,1.44366,-1.12303,-0.27260,-1.01669,1.27274,-1.50332,1.27625,-0.52300,-0.06080,-1.50524,0.37077
-0.41590,2.08745,-1.19745,-0.27260,-1.32767,0.73422,-2.08651,1.15256,-0.98284,-0.85073,-1.32029,0.40235
-0.41677,2.08745,-1.19745,-0.27260,-1.32767,0.45499,-1.77002,1.15256,-0.98284,-0.85073,-1.32029,0.21957
-0.41684,2.94584,-1.55784,-0.27260,-1.14626,2.26573,-1.30062,0.88103,-0.63796,-0.91012,-1.87513,0.41178
-0.41378,2.94584,-1.40318,-0.27260,-1.30175,1.42803,-1.22595,1.67043,-0.86788,-0.47061,-2.70738,0.44105
-0.41302,2.94584,-1.40318,-0.27260,-1.30175,1.17159,-1.13705,1.67043,-0.86788,-0.47061,-2.70738,-0.02592
-0.41406,2.94584,-1.40318,-0.27260,-1.30175,1.40951,-1.07659,1.67043,-0.86788,-0.47061,-2.70738,0.38952
-0.41478,3.58964,-1.41047,-0.27260,-1.31039,0.98354,-1.89449,1.83414,-0.75292,-0.03704,-0.67298,0.44105
-0.41638,3.58964,-1.41047,-0.27260,-1.31039,1.21148,-1.94427,1.83414,-0.75292,-0.03704,-0.67298,0.30290
-0.41444,3.05314,-1.32876,-0.27260,-1.20673,-0.17471,-1.07304,1.17652,-0.86788,-0.35777,-1.73642,0.40673
-0.41591,3.05314,-1.32876,-0.27260,-1.20673,1.88819,-1.88026,1.17652,-0.86788,-0.35777,-1.73642,0.42439
-0.41436,3.58964,-1.23392,-0.27260,-1.19723,2.23439,-1.25795,0.62889,-0.63796,-1.09424,-1.73642,0.39588
-0.41611,3.58964,-1.23392,-0.27260,-1.19723,2.49225,-1.30418,0.62889,-0.63796,-1.09424,-1.73642,0.37143
-0.40256,-0.48772,-0.07978,-0.27260,-0.56750,-0.56079,-1.64556,0.07148,-0.63796,-0.77945,0.06680,0.44105
-0.39170,-0.48772,-0.07978,-0.27260,-0.56750,0.05893,-0.57163,0.26614,-0.63796,-0.77945,0.06680,0.41879
-0.38911,-0.48772,-0.07978,-0.27260,-0.56750,-0.71466,0.14669,0.26614,-0.63796,-0.77945,0.06680,0.35915
-0.40263,-0.48772,-0.07978,3.66840,-0.56750,-0.31433,-0.33693,0.21114,-0.63796,-0.77945,0.06680,0.27023
-0.36772,-0.48772,-0.07978,3.66840,-0.56750,-1.34008,1.11749,0.03801,-0.63796,-0.77945,0.06680,0.44105
-0.39814,-0.48772,-0.07978,3.66840,-0.56750,-0.46249,0.83657,0.03901,-0.63796,-0.77945,0.06680,0.40103
-0.37469,-0.48772,-0.07978,3.66840,-0.56750,-1.25460,0.71210,-0.06182,-0.63796,-0.77945,0.06680,0.42285
-0.39316,-0.48772,-0.07978,3.66840,-0.56750,-0.68047,-0.52540,-0.06771,-0.63796,-0.77945,0.06680,0.37570
-0.40209,-0.48772,-0.07978,-0.27260,-0.56750,0.12874,-1.28996,0.07148,-0.63796,-0.77945,0.06680,0.31946
-0.38473,-0.48772,-0.07978,-0.27260,-0.56750,-1.24321,-2.09007,-0.09866,-0.63796,-0.77945,0.06680,-0.08491
-0.39539,-0.48772,-0.07978,-0.27260,-0.56750,-0.14622,-0.93079,0.07148,-0.63796,-0.77945,0.06680,0.40520
-0.41314,-0.48772,0.40172,3.66840,-0.04056,-0.56507,-0.44717,-0.32465,-0.52300,-0.78539,-0.95040,0.39610
-0.41028,-0.48772,0.40172,-0.27260,-0.04056,0.50912,0.58764,-0.17776,-0.52300,-0.78539,-0.95040,0.39588
-0.40556,-0.48772,0.40172,3.66840,-0.04056,-0.47532,0.89702,-0.43056,-0.52300,-0.78539,-0.95040,0.44105
-0.40515,-0.48772,0.40172,3.66840,-0.04056,0.12589,0.84723,-0.20524,-0.52300,-0.78539,-0.95040,0.40640
-0.37675,-0.48772,-0.72032,3.66840,-0.41201,0.94934,0.70855,-0.44368,-0.17812,-0.60128,-0.48804,0.38404
-0.37098,-0.48772,-0.72032,3.66840,-0.41201,-0.17186,0.80812,-0.35512,-0.17812,-0.60128,-0.48804,0.42285
-0.34584,-0.48772,-0.72032,3.66840,-0.41201,0.84677,0.32449,-0.24859,-0.17812,-0.60128,-0.48804,0.36967
-0.34687,-0.48772,-0.72032,-0.27260,-0.41201,0.47493,0.43473,-0.24859,-0.17812,-0.60128,-0.48804,0.44105
-0.38173,-0.48772,-0.72032,-0.27260,-0.43792,2.82277,0.34583,-0.42814,-0.17812,-0.60128,-0.48804,0.31112
-0.35709,-0.48772,-0.72032,-0.27260,-0.43792,3.47669,0.51296,-0.42814,-0.17812,-0.60128,-0.48804,0.27768
-0.37395,-0.48772,-0.72032,-0.27260,-0.43792,2.50080,0.63743,-0.27540,-0.17812,-0.60128,-0.48804,0.33667
-0.37043,-0.48772,-0.72032,-0.27260,-0.43792,1.25137,0.40273,-0.27540,-0.17812,-0.60128,-0.48804,0.16892
-0.38373,-0.48772,-0.72032,-0.27260,-0.43792,1.99647,-1.83403,-0.19963,-0.17812,-0.60128,-0.48804,0.22845
-0.36701,-0.48772,-0.72032,-0.27260,-0.43792,0.38090,-1.67757,-0.19963,-0.17812,-0.60128,-0.48804,0.25948
-0.35592,-0.48772,-0.72032,-0.27260,-0.43792,-0.43258,-0.01689,-0.05873,-0.17812,-0.60128,-0.48804,0.23766
-0.36454,-0.48772,-0.72032,-0.27260,-0.43792,1.60611,0.29605,-0.05873,-0.17812,-0.60128,-0.48804,0.21343
-0.35146,-0.48772,-0.72032,-0.27260,-0.41201,2.92392,0.16803,0.02061,-0.17812,-0.60128,-0.48804,0.32055
-0.37985,-0.48772,-0.72032,-0.27260,-0.41201,2.79570,0.06490,-0.06805,-0.17812,-0.60128,-0.48804,0.24424
-0.36630,-0.48772,-0.72032,3.66840,-0.41201,0.62880,-0.07378,-0.06805,-0.17812,-0.60128,-0.48804,0.03866
-0.37997,-0.48772,-0.72032,-0.27260,-0.41201,-0.28299,-0.25159,-0.06805,-0.17812,-0.60128,-0.48804,0.22012
-0.35783,-0.48772,-0.72032,3.66840,-0.41201,0.49345,0.28182,0.16779,-0.17812,-0.60128,-0.48804,0.34840
-0.35885,-0.48772,-0.72032,-0.27260,-0.41201,1.52918,0.10757,0.16779,-0.17812,-0.60128,-0.48804,0.36617
-0.40885,0.79986,-0.90563,-0.27260,-1.09443,0.27975,-1.78069,1.13844,-0.40804,-0.64285,-0.85793,0.24929
-0.40768,0.79986,-0.90563,-0.27260,-1.09443,0.45784,-0.93791,1.13844,-0.40804,-0.64285,-0.85793,0.29720
-0.40526,0.79986,-0.90563,-0.27260,-1.09443,0.87241,-0.50762,1.20794,-0.40804,-0.64285,-0.85793,0.37910
-0.40609,0.79986,-0.90563,-0.27260,-1.09443,-0.27016,-0.12357,1.20794,-0.40804,-0.64285,-0.85793,0.41605
-0.40647,0.79986,-0.90563,-0.27260,-1.09443,0.10452,-0.55741,1.54041,-0.40804,-0.64285,-0.85793,0.17626
-0.40360,0.79986,-0.90563,-0.27260,-1.09443,0.15438,-2.16119,1.54041,-0.40804,-0.64285,-0.85793,0.19775
-0.39445,0.45651,-0.76993,-0.27260,-1.06852,-0.98534,0.28182,1.97747,-0.29308,-0.46467,0.29798,0.17341
-0.39617,0.45651,-0.76993,-0.27260,-1.06852,-0.96825,0.05779,1.97747,-0.29308,-0.46467,0.29798,0.35586
-0.37888,0.45651,-0.76993,-0.27260,-1.06852,-0.25164,-1.19750,2.02529,-0.29308,-0.46467,0.29798,0.36737
-0.39556,0.45651,-0.76993,-0.27260,-1.06852,-0.08353,0.37783,2.02529,-0.29308,-0.46467,0.29798,0.21343
-0.39931,0.45651,-0.76993,-0.27260,-1.06852,0.21137,-0.69254,1.91643,-0.29308,-0.46467,0.29798,0.19775
-0.39624,0.45651,-0.76993,-0.27260,-1.06852,0.61740,-1.81625,1.91643,-0.29308,-0.46467,0.29798,0.40640
-0.40211,0.45651,-0.76993,-0.27260,-1.06852,0.28830,-1.97628,1.71212,-0.29308,-0.46467,0.29798,0.43425
-0.39352,0.45651,-0.76993,-0.27260,-1.06852,0.21849,-2.12207,1.71212,-0.29308,-0.46467,0.29798,0.22363
-0.40888,0.45651,-0.76993,-0.27260,-1.06852,0.95789,-2.19675,2.42992,-0.29308,-0.46467,0.29798,0.32253
-0.37549,0.45651,-0.76993,-0.27260,-1.06852,2.81280,-2.13985,2.42992,-0.29308,-0.46467,0.29798,0.44105
-0.41284,2.94584,-1.09385,-0.27260,-1.40541,-0.25164,-1.30062,2.57900,-0.98284,-0.55376,-0.95040,0.39708
-0.41432,2.94584,-1.09385,-0.27260,-1.40541,-0.58216,-1.75936,2.57900,-0.98284,-0.55376,-0.95040,0.42219
-0.41666,3.37504,-1.07780,-0.27260,-1.38814,1.66595,-1.22239,1.20794,-0.75292,-0.97545,-1.18158,0.32527
-0.34724,0.37067,-1.04570,-0.27260,0.79736,3.44677,0.65165,-0.94791,-0.52300,-0.85667,-2.52243,0.36211
-0.34119,0.37067,-1.04570,-0.27260,0.79736,1.49356,1.11749,-0.90341,-0.52300,-0.85667,-2.52243,0.29183
-0.34199,0.37067,-1.04570,-0.27260,0.79736,0.79406,1.11749,-0.84822,-0.52300,-0.85667,-2.52243,0.38656
-0.35556,0.37067,-1.04570,-0.27260,0.79736,1.30836,0.47029,-0.80002,-0.52300,-0.85667,-2.52243,0.39610
-0.35626,0.37067,-1.04570,-0.27260,0.79736,1.75997,0.74055,-0.78685,-0.52300,-0.85667,-2.52243,0.34753
-0.35789,0.37067,-1.04570,-0.27260,0.79736,3.01082,0.81523,-0.71616,-0.52300,-0.85667,-2.52243,0.33097
-0.32236,0.37067,-1.04570,-0.27260,0.79736,1.48502,0.92191,-0.81585,-0.52300,-0.85667,-2.52243,0.40290
-0.35440,0.37067,-1.04570,-0.27260,0.79736,1.31263,0.81879,-0.88654,-0.52300,-0.85667,-2.52243,0.34226
-0.32977,0.37067,-1.04570,-0.27260,0.79736,-1.03236,-0.20536,-0.85973,-0.52300,-0.85667,-2.52243,0.39171
-0.32696,0.37067,-1.04570,-0.27260,0.79736,1.03910,0.56986,-0.79013,-0.52300,-0.85667,-2.52243,0.30038
-0.35111,0.37067,-1.04570,-0.27260,0.17540,2.86693,-0.05600,-0.65289,-0.52300,-0.85667,-2.52243,0.30553
-0.35551,0.37067,-1.04570,-0.27260,0.17540,1.68874,-0.56808,-0.43879,-0.52300,-0.85667,-2.52243,0.36869
-0.40789,0.37067,-0.60943,3.66840,-0.78345,-0.51948,-0.25159,0.05821,-0.75292,-1.10018,0.06680,0.38009
-0.38362,0.37067,-0.60943,-0.27260,-0.78345,-0.61066,-0.94146,0.30136,-0.75292,-1.10018,0.06680,0.35060
-0.39957,0.37067,-0.60943,-0.27260,-0.78345,-0.06359,-1.85893,0.30136,-0.75292,-1.10018,0.06680,0.44105
-0.40511,0.37067,-0.60943,-0.27260,-0.78345,0.36096,-0.35116,0.05821,-0.75292,-1.10018,0.06680,0.41978
-0.39261,0.37067,-0.60943,3.66840,-0.78345,2.00359,-0.59653,0.27165,-0.75292,-1.10018,0.06680,0.37384
-0.41188,1.22906,-0.68968,3.66840,-0.93031,0.67438,-1.26862,0.13432,-0.63796,-0.91606,-0.39557,0.44105
-0.40727,1.22906,-0.68968,-0.27260,-0.93031,0.81115,-0.91657,0.22450,-0.63796,-0.91606,-0.39557,0.44105
-0.40626,1.22906,-0.68968,3.66840,-0.93031,1.39954,-0.69609,0.47164,-0.63796,-0.91606,-0.39557,0.35717
-0.41132,1.22906,-0.68968,3.66840,-0.93031,0.77126,-1.45709,0.50758,-0.63796,-0.91606,-0.39557,0.40322
-0.40916,1.22906,-0.68968,-0.27260,-0.93031,0.28118,-1.29707,0.16412,-0.63796,-0.91606,-0.39557,0.44105
-0.39395,0.37067,-1.13908,-0.27260,-0.96572,0.75132,-1.29351,0.14530,-0.52300,-1.14175,-1.64395,0.44105
-0.41428,0.37067,-1.13908,-0.27260,-0.96572,2.18737,-0.14491,0.42767,-0.52300,-1.14175,-1.64395,0.33590
-0.41414,0.37067,-1.13908,-0.27260,-0.96572,0.97356,-1.11571,0.68912,-0.52300,-1.14175,-1.64395,0.38985
-0.41131,0.37067,-1.13908,3.66840,-0.96572,1.93806,-0.67120,0.67353,-0.52300,-1.14175,-1.64395,0.22363
-0.41670,3.37504,-1.44841,3.66840,-1.32767,2.33411,-1.55666,0.99350,-0.98284,-1.24866,-2.24502,0.42592
-0.41739,3.37504,-1.19161,-0.27260,-1.33631,1.14452,-1.69890,1.66962,-0.98284,-0.73194,-1.45900,0.41715
-0.41717,1.87285,-1.29666,-0.27260,-1.43133,0.23986,-1.30418,1.66962,-0.98284,-0.64285,-1.45900,0.41715
-0.41616,2.94584,-1.36816,-0.27260,-1.46588,-0.07784,-1.31840,2.51668,-0.98284,-0.99327,-0.11815,-0.16528
-0.41394,1.76555,-0.84872,-0.27260,-1.29312,-0.10775,-1.32552,1.67432,-0.40804,-0.68443,-0.85793,0.44105
-0.41310,1.76555,-0.84872,-0.27260,-1.29312,0.04326,-0.81700,1.67432,-0.40804,-0.68443,-0.85793,0.44105
-0.41345,1.76555,-0.84872,-0.27260,-1.29312,0.39943,-1.62423,1.67432,-0.40804,-0.68443,-0.85793,0.16497
-0.41437,2.94584,-0.90271,-0.27260,-1.24129,0.82112,-1.44642,0.62828,-0.63796,-0.96951,0.34421,0.44105
-0.40927,2.94584,-0.90271,-0.27260,-1.24129,1.23000,-1.45353,0.62828,-0.63796,-0.96951,0.34421,0.44105
-0.41424,2.94584,-0.90271,-0.27260,-1.24129,0.49203,-1.60645,0.62828,-0.63796,-0.96951,0.34421,0.44105
-0.40883,-0.48772,0.40610,-0.27260,-1.01669,-0.22458,-1.78425,0.81177,-0.63796,-0.70818,-1.13535,0.44105
-0.40890,-0.48772,0.40610,-0.27260,-1.01669,-0.39268,-0.93435,0.81177,-0.63796,-0.70818,-1.13535,0.44105
-0.40339,-0.48772,0.40610,-0.27260,-1.01669,0.56041,-1.33263,1.02934,-0.63796,-0.70818,-1.13535,0.44105
-0.41219,-0.48772,0.40610,-0.27260,-1.01669,0.37663,-0.62497,1.02934,-0.63796,-0.70818,-1.13535,0.39665
-0.40203,-0.48772,0.40610,-0.27260,-1.01669,-0.70469,-0.37605,1.20029,-0.63796,-0.70818,-1.13535,0.44105
-0.41092,2.51665,-1.29812,-0.27260,-1.33631,0.08600,-1.72380,1.91705,-0.52300,-0.29837,-1.69018,0.12681
-0.41197,2.51665,-1.29812,-0.27260,-1.33631,1.07756,-2.08296,1.91705,-0.52300,-0.29837,-1.69018,0.16343
-0.41331,2.51665,-1.29812,-0.27260,-1.33631,0.83537,-0.75299,1.91705,-0.52300,-0.29837,-1.69018,0.37483
-0.41433,0.97154,-0.73637,-0.27260,-1.05124,0.43504,-1.00192,0.80654,-0.29308,-0.47061,-1.08911,0.42844
-0.40766,0.97154,-0.73637,-0.27260,-1.05124,0.29970,-1.78425,0.80654,-0.29308,-0.47061,-1.08911,0.29534
-0.40681,0.97154,-0.73637,-0.27260,-1.05124,0.99351,-1.80914,0.80654,-0.29308,-0.47061,-1.08911,0.37011
-0.41203,0.92862,-1.30688,-0.27260,-0.71435,1.35537,-0.97702,0.10789,-0.29308,-1.10612,-0.02568,0.40575
-0.41207,0.92862,-1.30688,-0.27260,-0.71435,0.47208,-0.37249,-0.20205,-0.29308,-1.10612,-0.02568,0.40224
-0.40971,0.92862,-1.30688,-0.27260,-0.71435,1.61751,0.11824,-0.33078,-0.29308,-1.10612,-0.02568,0.44105
-0.41271,0.92862,-1.30688,-0.27260,-0.71435,0.80403,0.06135,-0.29109,-0.29308,-1.10612,-0.02568,0.44105
-0.36105,-0.48772,-0.18046,-0.27260,-0.09239,0.49915,0.49518,-0.22701,-0.63796,-0.61909,-0.02568,0.44105
-0.37777,-0.48772,-0.18046,-0.27260,-0.09239,-0.44540,0.28893,-0.32921,-0.63796,-0.61909,-0.02568,0.43382
-0.11158,-0.48772,-0.18046,-0.27260,-0.09239,-1.86863,-1.09437,-0.60640,-0.63796,-0.61909,-0.02568,-0.06824
-0.32642,-0.48772,-0.18046,-0.27260,-0.09239,-0.23170,-0.56096,-0.54893,-0.63796,-0.61909,-0.02568,0.44105
-0.38798,-0.48772,-0.18046,-0.27260,-0.09239,-0.37274,0.77611,-0.45685,-0.63796,-0.61909,-0.02568,0.43447
-0.38708,-0.48772,-0.18046,-0.27260,-0.09239,-0.02655,0.50585,-0.25301,-0.63796,-0.61909,-0.02568,0.40257
-0.37546,-0.48772,-0.18046,-0.27260,-0.09239,0.40227,0.66588,-0.09162,-0.63796,-0.61909,-0.02568,0.42779
-0.38893,-0.48772,-0.18046,-0.27260,-0.09239,-0.82578,0.32449,0.07129,-0.63796,-0.61909,-0.02568,0.43579
-0.38139,-0.48772,-0.18046,-0.27260,-0.09239,-0.52803,0.52008,0.09676,-0.63796,-0.61909,-0.02568,0.37307
-0.38990,-0.48772,-0.18046,-0.27260,-0.09239,-0.71608,0.11113,0.11250,-0.63796,-0.61909,-0.02568,0.44105
-0.37164,-0.48772,-0.18046,-0.27260,-0.09239,0.13871,-0.04889,-0.12480,-0.63796,-0.61909,-0.02568,0.42252
-0.36309,-0.48772,-0.18046,-0.27260,-0.09239,-0.24452,-0.34760,0.09833,-0.63796,-0.61909,-0.02568,0.43371
-0.39893,-0.48772,-0.54815,-0.27260,-0.53294,0.20140,-0.57874,0.35432,-0.52300,-0.72006,0.52916,0.44105
-0.39731,-0.48772,-0.54815,-0.27260,-0.53294,0.13016,-0.50762,0.35432,-0.52300,-0.72006,0.52916,0.44105
-0.37756,-0.48772,-0.54815,-0.27260,-0.53294,-0.34710,-0.66409,0.44022,-0.52300,-0.72006,0.52916,0.44105
-0.38539,-0.48772,-0.54815,-0.27260,-0.53294,-0.82151,0.20359,0.44022,-0.52300,-0.72006,0.52916,0.37779
-0.37873,-0.48772,-0.54815,-0.27260,-0.53294,0.18573,-1.01258,0.44022,-0.52300,-0.72006,0.52916,0.44105
-0.39611,-0.48772,-0.54815,-0.27260,-0.53294,0.20852,-1.91582,0.77051,-0.52300,-0.72006,0.52916,0.40575
-0.38311,-0.48772,-0.54815,-0.27260,-0.53294,0.03899,-1.41086,0.77051,-0.52300,-0.72006,0.52916,0.44105
-0.39038,-0.48772,-0.54815,-0.27260,-0.53294,-0.28726,-0.88457,0.77051,-0.52300,-0.72006,0.52916,0.44105
-0.41074,-0.48772,-1.15221,-0.27260,-0.81801,-0.59356,-1.52110,0.67481,-0.63796,0.12926,-0.71922,0.28251
-0.41062,-0.48772,-1.15221,-0.27260,-0.81801,0.06890,-1.82692,0.67481,-0.63796,0.12926,-0.71922,0.20323
-0.41316,-0.48772,-1.15221,-0.27260,-0.81801,-0.20036,-1.29351,0.98808,-0.63796,0.12926,-0.71922,0.13043
-0.41260,1.01446,-0.74075,-0.27260,-1.00891,-0.82436,-1.42864,1.35274,-0.98284,-0.61909,-0.71922,0.40947
-0.41441,1.01446,-0.74075,-0.27260,-1.00891,-0.36134,-1.61000,1.35274,-0.98284,-0.61909,-0.71922,0.06114
-0.41253,-0.48772,-0.86769,-0.27260,-0.34290,0.04469,-1.08370,1.26608,-0.52300,-1.09424,0.80658,0.36222
-0.41410,-0.48772,-0.86769,-0.27260,-0.34290,0.03614,-1.06948,1.26608,-0.52300,-1.09424,0.80658,0.35882
-0.41384,-0.48772,-0.86769,-0.27260,-0.34290,-0.35279,-1.21172,1.04118,-0.52300,-1.09424,0.80658,0.44105
-0.41446,-0.48772,-0.86769,-0.27260,-0.34290,-0.59214,-0.79211,0.68266,-0.52300,-1.09424,0.80658,0.44105
-0.41491,-0.48772,-0.86769,-0.27260,-0.34290,-0.55510,-0.31915,0.86515,-0.52300,-1.09424,0.80658,0.41814
-0.41460,-0.48772,-0.86769,-0.27260,-0.34290,-0.32145,-1.11215,0.48353,-0.52300,-1.09424,0.80658,0.43272
-0.41205,-0.48772,-0.86769,-0.27260,-0.34290,-0.42688,-0.82411,0.48353,-0.52300,-1.09424,0.80658,0.44105
-0.41129,-0.48772,-0.86769,-0.27260,-0.34290,-0.45110,-0.35827,0.48353,-0.52300,-1.09424,0.80658,0.44105
-0.41693,1.01446,-1.40318,-0.27260,-0.97350,1.36249,-0.68543,1.54155,-0.98284,-0.73788,-1.36653,0.41737
-0.41554,-0.48772,-1.34919,-0.27260,-0.31698,0.36381,-0.31560,1.17504,-0.98284,0.08174,-1.18158,0.36496
-0.41549,1.87285,-1.07342,-0.27260,-0.61069,0.58606,-0.43295,0.92082,-0.52300,-0.22710,-0.39557,0.44105
-0.41490,1.87285,-1.07342,-0.27260,-0.61069,0.83964,-1.43931,1.26941,-0.52300,-0.22710,-0.39557,0.34314
-0.41482,-0.48772,-0.98442,-0.27260,-0.97350,-0.38556,-0.71387,2.00537,-0.75292,-0.33401,0.15927,0.31759
-0.41127,-0.48772,-0.98442,-0.27260,-0.97350,-0.55082,-0.57874,2.00537,-0.75292,-0.33401,0.15927,0.08701
-0.41627,3.16044,-1.01944,-0.27260,-1.08580,0.32962,-1.45353,2.25337,-0.63796,-0.33995,-0.25686,0.39204
-0.41670,2.94584,-1.33168,-0.27260,-1.03397,0.49915,-1.38241,2.16243,-0.63796,-0.76164,-0.67298,0.37570
-0.41507,1.22906,-1.44257,-0.27260,-1.08580,0.93225,-1.21172,2.37545,-0.98284,-0.43498,0.57539,0.36375
-0.41122,1.22906,-1.44257,-0.27260,-1.08580,0.29258,-0.85967,2.37545,-0.98284,-0.43498,0.57539,0.44105
-0.40919,2.08745,-1.37837,-0.27260,-1.24129,0.41937,-1.16194,3.28730,-0.63796,0.01641,-0.07191,0.15466
-0.41001,2.08745,-1.37837,-0.27260,-1.24129,-0.57077,-1.78069,3.28730,-0.63796,0.01641,-0.07191,0.39094
-0.41646,3.37504,-1.33022,-0.27260,-1.24992,0.63164,-1.15483,3.96052,-0.52300,-1.31399,-0.67298,0.30466
-0.41344,2.94584,-1.34627,-0.27260,-1.22401,-0.88562,-1.65979,3.22807,-0.63796,-0.44092,1.63883,0.28645
-0.40604,2.94584,-1.34627,-0.27260,-1.22401,-0.49669,-1.74513,3.22807,-0.63796,-0.44092,1.63883,0.21234
0.62751,-0.48772,1.01600,3.66840,1.85988,-0.10348,1.02504,-0.79522,1.66125,1.53093,0.80658,0.23087
0.02980,-0.48772,1.01600,3.66840,1.85988,0.15723,0.79745,-0.61315,1.66125,1.53093,0.80658,0.38009
0.18723,-0.48772,1.01600,3.66840,1.85988,-0.22458,0.52719,-0.50976,1.66125,1.53093,0.80658,0.42493
0.07773,-0.48772,1.01600,-0.27260,1.85988,-0.24595,0.45251,-0.61130,1.66125,1.53093,0.80658,0.37351
0.11040,-0.48772,1.01600,-0.27260,1.85988,0.16151,0.69077,-0.60697,1.66125,1.53093,0.80658,0.19611
0.02830,-0.48772,1.01600,-0.27260,1.85988,-0.04792,0.80101,-0.71284,1.66125,1.53093,0.80658,-0.06605
0.00983,-0.48772,1.01600,-0.27260,1.85988,-1.31444,0.98236,-0.80406,1.66125,1.53093,0.80658,0.26442
0.07320,-0.48772,1.01600,3.66840,1.85988,-0.68616,0.72633,-0.89861,1.66125,1.53093,0.80658,-0.03984
-0.01391,-0.48772,1.01600,3.66840,1.41068,3.55504,0.50941,-0.89861,1.66125,1.53093,0.80658,-0.02329
0.11203,-0.48772,1.01600,-0.27260,1.41068,-3.88025,0.68721,-1.03718,1.66125,1.53093,0.80658,-0.02164
0.01202,-0.48772,1.01600,-0.27260,1.41068,-1.88288,0.81167,-0.97106,1.66125,1.53093,0.80658,-0.44564
1.15604,-0.48772,1.01600,-0.27260,0.65915,-3.45000,1.11749,-1.08595,1.66125,1.53093,0.80658,-2.46977
0.15189,-0.48772,1.01600,-0.27260,0.65915,-1.87291,1.11749,-1.17062,1.66125,1.53093,0.80658,0.20663
0.24175,-0.48772,1.01600,3.66840,0.65915,0.56754,1.00370,-1.15911,1.66125,1.53093,0.80658,0.20455
0.34291,-0.48772,1.01600,3.66840,0.65915,1.04195,1.02859,-1.23246,1.66125,1.53093,0.80658,0.38787
0.65654,-0.48772,1.01600,-0.27260,0.65915,-0.09778,1.11749,-1.24829,1.66125,1.53093,0.80658,0.10390
0.54417,-0.48772,1.01600,3.66840,0.97877,-0.58359,0.74766,-1.26707,1.66125,1.53093,0.80658,-0.09642
0.87495,-0.48772,1.01600,-0.27260,0.97877,-1.96408,1.11749,-1.24587,1.66125,1.53093,0.80658,0.44105
1.73544,-0.48772,1.01600,-0.27260,0.97877,-3.05822,1.11749,-1.26355,1.66125,1.53093,0.80658,0.44105
1.86479,-0.48772,1.01600,-0.27260,1.00468,1.46507,1.04282,-1.17832,1.66125,1.53093,0.80658,0.44105
1.36165,-0.48772,1.01600,-0.27260,1.00468,0.51910,0.87924,-1.16472,1.66125,1.53093,0.80658,0.06958
0.72538,-0.48772,1.01600,-0.27260,1.00468,0.72567,1.07482,-1.15849,1.66125,1.53093,0.80658,0.44105
2.33509,-0.48772,1.01600,-0.27260,1.00468,0.13586,0.98236,-1.14514,1.66125,1.53093,0.80658,0.44105
1.66191,-0.48772,1.01600,-0.27260,1.00468,-0.08781,1.11749,-1.14514,1.66125,1.53093,0.80658,0.40640
9.94174,-0.48772,1.01600,-0.27260,1.00468,0.97356,0.82945,-1.13069,1.66125,1.53093,0.80658,0.44105
1.42993,-0.48772,1.01600,-0.27260,1.00468,0.37093,1.08549,-1.08187,1.66125,1.53093,0.80658,0.44105
0.65127,-0.48772,1.01600,-0.27260,1.25519,-1.06655,1.11749,-1.05277,1.66125,1.53093,0.80658,0.44105
0.51218,-0.48772,1.01600,-0.27260,1.25519,-1.08934,1.11749,-1.07526,1.66125,1.53093,0.80658,0.44105
1.92019,-0.48772,1.01600,-0.27260,1.25519,-2.73055,0.80456,-1.11975,1.66125,1.53093,0.80658,-0.77676
1.53908,-0.48772,1.01600,-0.27260,1.25519,-1.43554,1.04993,-1.12612,1.66125,1.53093,0.80658,0.44105
2.42191,-0.48772,1.01600,-0.27260,1.25519,-2.32595,1.11749,-1.10658,1.66125,1.53093,0.80658,0.44105
2.21271,-0.48772,1.01600,-0.27260,1.25519,-1.83017,0.74411,-1.08225,1.66125,1.53093,0.80658,0.44105
1.25053,-0.48772,1.01600,-0.27260,1.25519,-2.00112,1.11749,-1.04845,1.66125,1.53093,0.80658,0.17813
0.53072,-0.48772,1.01600,-0.27260,1.25519,-1.27455,1.07838,-0.98256,1.66125,1.53093,0.80658,0.44105
0.39221,-0.48772,1.01600,-0.27260,1.25519,-0.81438,1.01081,-0.88825,1.66125,1.53093,0.80658,0.41397
0.19786,-0.48772,1.01600,-0.27260,1.25519,-0.33285,0.49518,-0.77354,1.66125,1.53093,0.80658,0.23799
0.92965,-0.48772,1.01600,-0.27260,1.25519,-1.77888,1.01081,-0.96264,1.66125,1.53093,0.80658,0.44105
0.58813,-0.48772,1.01600,-0.27260,1.19472,-0.13055,0.85435,-0.95256,1.66125,1.53093,0.80658,0.44105
1.13714,-0.48772,1.01600,-0.27260,1.19472,-0.56649,0.92902,-0.95689,1.66125,1.53093,0.80658,0.44105
0.59651,-0.48772,1.01600,-0.27260,1.19472,0.26551,1.07482,-0.98370,1.66125,1.53093,0.80658,0.38711
0.26528,-0.48772,1.01600,-0.27260,1.19472,0.17148,0.97525,-1.00695,1.66125,1.53093,0.80658,0.44105
0.47486,-0.48772,1.01600,-0.27260,1.19472,-0.76595,1.07838,-1.02758,1.66125,1.53093,0.80658,0.39939
4.04715,-0.48772,1.01600,-0.27260,1.19472,-1.18480,1.11749,-1.09594,1.66125,1.53093,0.80658,0.44105
0.73621,-0.48772,1.01600,-0.27260,1.19472,-0.61636,0.32805,-1.09080,1.66125,1.53093,0.80658,-0.20299
2.49786,-0.48772,1.01600,-0.27260,1.19472,-0.42403,1.11749,-1.04878,1.66125,1.53093,0.80658,0.44105
1.23918,-0.48772,1.01600,-0.27260,1.19472,0.08315,1.11749,-1.05577,1.66125,1.53093,0.80658,0.44105
0.69885,-0.48772,1.01600,-0.27260,1.19472,0.17006,1.11749,-1.02492,1.66125,1.53093,0.80658,0.21310
2.46940,-0.48772,1.01600,-0.27260,1.19472,-1.33296,0.97525,-0.99459,1.66125,1.53093,0.80658,0.44105
4.41712,-0.48772,1.01600,-0.27260,1.19472,-1.07367,0.59831,-1.03994,1.66125,1.53093,0.80658,-0.29838
7.49009,-0.48772,1.01600,-0.27260,1.19472,-0.85712,1.11749,-1.12646,1.66125,1.53093,0.80658,0.31025
1.99370,-0.48772,1.01600,-0.27260,0.90102,-3.05822,1.11749,-1.24401,1.66125,1.53093,0.80658,0.14852
0.97311,-0.48772,1.01600,-0.27260,0.90102,-0.96397,1.11749,-1.19310,1.66125,1.53093,0.80658,-0.26955
0.44364,-0.48772,1.01600,-0.27260,0.36544,-0.95115,1.04282,-1.11253,1.66125,1.53093,0.80658,-0.46088
1.26271,-0.48772,1.01600,-0.27260,0.36544,0.80830,1.11749,-1.10739,1.66125,1.53093,0.80658,-1.94413
5.53569,-0.48772,1.01600,-0.27260,0.36544,-0.75170,1.11749,-1.13235,1.66125,1.53093,0.80658,-3.88219
1.21758,-0.48772,1.01600,-0.27260,0.36544,0.53049,1.11749,-1.07792,1.66125,1.53093,0.80658,-3.52640
1.77186,-0.48772,1.01600,-0.27260,0.36544,-2.36014,1.11749,-1.06537,1.66125,1.53093,0.80658,-3.59504
2.91817,-0.48772,1.01600,-0.27260,0.36544,-1.60934,1.11749,-1.04849,1.66125,1.53093,0.80658,-1.59755
4.90812,-0.48772,1.01600,-0.27260,1.19472,-2.51543,1.11749,-1.01579,1.66125,1.53093,0.80658,-2.94288
1.68728,-0.48772,1.01600,-0.27260,1.07379,0.21280,1.11749,-0.93189,1.66125,1.53093,0.80658,-3.61192
0.84306,-0.48772,1.01600,-0.27260,1.07379,0.70858,0.79034,-0.93911,1.66125,1.53093,0.80658,-3.67420
2.60201,-0.48772,1.01600,-0.27260,1.07379,-1.39707,0.72988,-1.02088,1.66125,1.53093,0.80658,-2.51428
8.14369,-0.48772,1.01600,-0.27260,1.07379,-0.46677,1.11749,-0.94715,1.66125,1.53093,0.80658,-3.73034
0.95695,-0.48772,1.01600,-0.27260,1.41068,0.76841,0.28182,-0.95123,1.66125,1.53093,0.80658,-3.37948
0.87254,-0.48772,1.01600,-0.27260,1.41068,0.18003,1.11749,-0.92038,1.66125,1.53093,0.80658,-0.41581
0.39925,-0.48772,1.01600,-0.27260,1.41068,-0.39696,0.95036,-0.91292,1.66125,1.53093,0.80658,-0.40233
0.98442,-0.48772,1.01600,-0.27260,0.51230,-0.90699,0.67654,-0.87651,1.66125,1.53093,0.80658,-0.71404
0.40249,-0.48772,1.01600,-0.27260,0.51230,-0.25877,0.58764,-0.84294,1.66125,1.53093,0.80658,-3.88307
0.60529,-0.48772,1.01600,-0.27260,0.25315,-1.02523,0.07201,-0.82312,1.66125,1.53093,0.80658,-3.87068
1.42829,-0.48772,1.01600,-0.27260,1.07379,-0.55367,0.95392,-0.89628,1.66125,1.53093,0.80658,-3.82650
1.00759,-0.48772,1.01600,-0.27260,0.25315,-0.63773,-0.31560,-0.85445,1.66125,1.53093,0.80658,-3.64043
3.96682,-0.48772,1.01600,-0.27260,1.07379,-0.11773,0.36005,-0.91848,1.66125,1.53093,0.80658,-3.70435
0.43936,-0.48772,1.01600,-0.27260,1.07379,-0.13055,0.33872,-0.88392,1.66125,1.53093,0.80658,-2.85012
0.66895,-0.48772,1.01600,-0.27260,1.07379,0.13586,0.96103,-0.86842,1.66125,1.53093,0.80658,-3.24495
0.57035,-0.48772,1.01600,-0.27260,0.25315,0.09027,0.62320,-0.82826,1.66125,1.53093,0.80658,-2.99573
0.75318,-0.48772,1.01600,-0.27260,0.25315,0.78123,0.91480,-0.81138,1.66125,1.53093,0.80658,-3.01897
0.33188,-0.48772,1.01600,-0.27260,0.25315,0.19997,0.22137,-0.75804,1.66125,1.53093,0.80658,-2.83674
0.23140,-0.48772,1.01600,-0.27260,1.36749,0.21564,0.68721,-0.70319,1.66125,1.53093,0.80658,-2.81218
1.20160,-0.48772,1.01600,-0.27260,1.36749,-0.10918,0.93969,-0.74768,1.66125,1.53093,0.80658,-2.80736
0.88104,-0.48772,1.01600,-0.27260,1.60073,0.49060,0.92547,-0.79403,1.66125,1.53093,0.80658,-2.70627
1.26068,-0.48772,1.01600,-0.27260,1.60073,0.25126,0.87924,-0.85207,1.66125,1.53093,0.80658,-3.60929
1.34875,-0.48772,1.01600,-0.27260,1.60073,-0.18896,1.11749,-0.89409,1.66125,1.53093,0.80658,-3.80851
1.17420,-0.48772,1.01600,-0.27260,1.60073,-0.49811,0.68721,-0.93859,1.66125,1.53093,0.80658,-3.15471
0.67497,-0.48772,1.01600,-0.27260,1.60073,-0.93690,0.90057,-0.94021,1.66125,1.53093,0.80658,0.44105
2.14913,-0.48772,1.01600,-0.27260,1.60073,-0.66479,0.84723,-0.91691,1.66125,1.53093,0.80658,0.38130
0.71381,-0.48772,1.01600,-0.27260,1.60073,0.17290,1.01792,-0.82236,1.66125,1.53093,0.80658,0.32110
0.24133,-0.48772,1.01600,-0.27260,1.60073,-0.09351,1.11749,-0.85103,1.66125,1.53093,0.80658,0.42779
0.74203,-0.48772,1.01600,-0.27260,1.60073,0.28545,1.11749,-0.86358,1.66125,1.53093,0.80658,0.32954
1.07222,-0.48772,1.01600,-0.27260,1.60073,-0.61351,0.99659,-0.90294,1.66125,1.53093,0.80658,-1.27355
-0.34023,-0.48772,1.01600,-0.27260,1.60073,0.24841,0.93258,-0.85906,1.66125,1.53093,0.80658,-3.43858
0.31372,-0.48772,1.01600,-0.27260,1.60073,0.08030,0.98948,-0.81908,1.66125,1.53093,0.80658,-0.42393
0.73718,-0.48772,1.01600,-0.27260,1.60073,-0.04792,0.99659,-0.75918,1.66125,1.53093,0.80658,0.34917
0.66781,-0.48772,1.01600,-0.27260,1.36749,-0.14194,1.07127,-0.72895,1.66125,1.53093,0.80658,0.44105
0.45786,-0.48772,1.01600,-0.27260,1.36749,0.18858,1.05704,-0.76536,1.66125,1.53093,0.80658,-0.57523
0.36375,-0.48772,1.01600,-0.27260,1.36749,0.66156,0.85435,-0.69948,1.66125,1.53093,0.80658,-3.90719
0.21510,-0.48772,1.01600,-0.27260,1.36749,0.52764,1.05349,-0.68446,1.66125,1.53093,0.80658,-0.01518
0.17424,-0.48772,1.01600,-0.27260,1.36749,0.01762,0.82590,-0.67828,1.66125,1.53093,0.80658,0.31156
0.54194,-0.48772,1.01600,-0.27260,1.36749,1.57904,1.09260,-0.63811,1.66125,1.53093,0.80658,0.21047
0.68930,-0.48772,1.01600,-0.27260,1.36749,0.63164,0.90769,-0.61748,1.66125,1.53093,0.80658,-3.83746
0.13491,-0.48772,1.01600,-0.27260,1.36749,0.34244,0.63743,-0.64614,1.66125,1.53093,0.80658,-3.35240
0.12518,-0.48772,1.01600,-0.27260,1.36749,-0.43970,0.68721,-0.57731,1.66125,1.53093,0.80658,-3.79580
0.53641,-0.48772,1.01600,-0.27260,1.36749,-0.49669,0.41695,-0.48290,1.66125,1.53093,0.80658,-3.87233
0.48420,-0.48772,1.01600,-0.27260,1.36749,0.02332,0.53786,-0.48105,1.66125,1.53093,0.80658,-0.92609
0.37346,-0.48772,1.01600,-0.27260,1.36749,-0.29011,0.56275,-0.51223,1.66125,1.53093,0.80658,0.44105
0.14186,-0.48772,1.01600,-0.27260,1.36749,0.59318,0.76189,-0.56927,1.66125,1.53093,0.80658,-1.11227
0.01157,-0.48772,1.01600,-0.27260,1.36749,0.13016,0.70499,-0.58373,1.66125,1.53093,0.80658,0.38108
0.35643,-0.48772,1.01600,-0.27260,1.36749,0.04611,0.51296,-0.50420,1.66125,1.53093,0.80658,0.44105
0.25935,-0.48772,1.01600,-0.27260,1.36749,0.32534,0.75833,-0.47225,1.66125,1.53093,0.80658,0.40728
0.49434,-0.48772,1.01600,-0.27260,0.86647,-0.10775,-0.11290,-0.39534,1.66125,1.53093,0.80658,0.44105
-0.05009,-0.48772,1.01600,-0.27260,0.86647,-0.74885,-0.72454,-0.34633,1.66125,1.53093,0.80658,-0.24422
0.02110,-0.48772,1.01600,-0.27260,0.86647,-0.47389,0.57342,-0.43902,1.66125,1.53093,0.80658,-3.66938
0.09647,-0.48772,1.01600,-0.27260,0.25315,-0.40123,0.92191,-0.59647,1.66125,1.53093,0.80658,-0.27832
1.39515,-0.48772,1.01600,-0.27260,0.21859,-0.51093,0.08624,-0.42148,1.66125,1.53093,0.80658,0.13230
1.10399,-0.48772,1.01600,-0.27260,0.21859,-0.81438,-0.42228,-0.46175,1.66125,1.53093,0.80658,0.44105
0.08791,-0.48772,1.01600,-0.27260,0.21859,-0.16759,0.54853,-0.36206,1.66125,1.53093,0.80658,0.44105
0.05177,-0.48772,1.01600,-0.27260,-0.19605,-0.07926,0.78678,-0.33073,1.66125,1.53093,0.80658,0.42384
-0.00292,-0.48772,1.01600,-0.27260,0.21859,0.21707,0.22848,-0.42714,1.66125,1.53093,0.80658,0.40235
0.12262,-0.48772,1.01600,-0.27260,0.51230,0.99066,-0.03467,-0.59998,1.66125,1.53093,0.80658,0.19742
0.51955,-0.48772,1.01600,-0.27260,0.25315,-1.22184,0.95392,-0.64899,1.66125,1.53093,0.80658,-0.04489
0.32595,-0.48772,1.01600,-0.27260,0.25315,-0.17471,1.02504,-0.75538,1.66125,1.53093,0.80658,-0.59113
0.14877,-0.48772,1.01600,-0.27260,0.51230,0.28403,0.88991,-0.70818,1.66125,1.53093,0.80658,0.43349
1.33084,-0.48772,1.01600,-0.27260,0.51230,-1.39707,1.02148,-0.80544,1.66125,1.53093,0.80658,-0.07888
0.77306,-0.48772,1.01600,-0.27260,0.51230,-0.14194,1.00014,-0.77226,1.66125,1.53093,0.80658,0.25246
1.25053,-0.48772,1.01600,-0.27260,0.51230,-0.07926,0.69077,-0.87651,1.66125,1.53093,0.80658,0.29216
0.25969,-0.48772,1.01600,-0.27260,-0.19605,-0.06074,-0.13779,-0.17629,1.66125,1.53093,0.80658,0.44105
0.24620,-0.48772,1.01600,-0.27260,-0.19605,0.66299,0.22492,-0.22026,1.66125,1.53093,0.80658,0.39906
0.24887,-0.48772,1.01600,-0.27260,-0.19605,1.10606,0.29960,-0.18275,1.66125,1.53093,0.80658,0.42329
-0.09028,-0.48772,1.01600,-0.27260,-0.19605,-0.74458,-1.00547,0.14416,1.66125,1.53093,0.80658,0.39741
-0.14149,-0.48772,1.01600,-0.27260,0.24451,-0.58929,-0.94857,-0.03377,1.66125,1.53093,0.80658,0.15411
0.00930,-0.48772,1.01600,-0.27260,0.24451,0.03899,-0.59297,0.09348,1.66125,1.53093,0.80658,0.35027
0.24429,-0.48772,1.01600,-0.27260,0.24451,-0.24310,0.39917,-0.11843,1.66125,1.53093,0.80658,0.39478
0.14461,-0.48772,1.01600,-0.27260,0.24451,-0.54085,-0.54674,-0.30554,1.66125,1.53093,0.80658,0.34588
-0.40088,-0.48772,2.42257,-0.27260,0.46910,-1.18337,0.85790,-0.93845,-0.63796,1.79819,0.76034,0.42121
-0.39710,-0.48772,2.42257,-0.27260,0.46910,-1.24036,1.05704,-0.96958,-0.63796,1.79819,0.76034,-0.13841
-0.39429,-0.48772,2.42257,-0.27260,0.46910,-1.69767,1.04637,-0.93764,-0.63796,1.79819,0.76034,-0.41932
-0.40614,-0.48772,2.42257,-0.27260,0.46910,-0.42973,1.07482,-0.91601,-0.63796,1.79819,0.76034,0.36660
-0.40549,-0.48772,2.42257,-0.27260,0.46910,-0.42973,0.53075,-0.80106,-0.63796,1.79819,0.76034,0.44105
-0.39827,-0.48772,-0.21110,-0.27260,0.26178,-0.82293,-0.51829,-0.67186,-0.40804,-0.10238,0.34421,0.44105
-0.38590,-0.48772,-0.21110,-0.27260,0.26178,-0.51093,-0.92368,-0.67186,-0.40804,-0.10238,0.34421,0.44105
-0.39761,-0.48772,-0.21110,-0.27260,0.26178,-0.87564,-1.41442,-0.47368,-0.40804,-0.10238,0.34421,0.40147
-0.38473,-0.48772,-0.21110,-0.27260,0.26178,-1.27455,0.15380,-0.47368,-0.40804,-0.10238,0.34421,0.44105
-0.38720,-0.48772,-0.21110,-0.27260,0.26178,-0.69899,0.07201,-0.42895,-0.40804,-0.10238,0.34421,0.44105
-0.39061,-0.48772,-0.21110,-0.27260,0.26178,-0.37844,-0.11646,-0.65883,-0.40804,-0.10238,0.34421,0.44105
-0.39774,-0.48772,-0.21110,-0.27260,0.26178,-1.01953,0.17514,-0.66321,-0.40804,-0.10238,0.34421,0.42866
-0.39232,-0.48772,-0.21110,-0.27260,0.26178,-0.36704,0.39561,-0.61648,-0.40804,-0.10238,0.34421,0.44105
-0.41116,-0.48772,0.11574,-0.27260,0.15812,0.43932,0.01867,-0.62580,-0.98284,-0.80321,1.17647,0.38722
-0.41318,-0.48772,0.11574,-0.27260,0.15812,-0.23455,0.28893,-0.71664,-0.98284,-0.80321,1.17647,0.44105
-0.41137,-0.48772,0.11574,-0.27260,0.15812,0.98496,0.79745,-0.77368,-0.98284,-0.80321,1.17647,0.44105
-0.40569,-0.48772,0.11574,-0.27260,0.15812,0.72567,0.73700,-0.66844,-0.98284,-0.80321,1.17647,0.40322
-0.41293,-0.48772,0.11574,-0.27260,0.15812,-0.36277,0.43473,-0.61325,-0.98284,-0.80321,1.17647,0.44105
